-13.045,-31.194,-25.954
-12.935,-31.239,-25.804
-12.837,-31.27,-25.671
-12.747,-31.292,-25.553
-12.666,-31.307,-25.448
-12.591,-31.316,-25.352
-12.522,-31.322,-25.264
-12.457,-31.325,-25.183
-12.397,-31.326,-25.107
-12.34,-31.326,-25.036
-12.286,-31.326,-24.969
-12.235,-31.324,-24.905
-12.185,-31.323,-24.844
-12.138,-31.321,-24.786
-12.093,-31.319,-24.73
-12.049,-31.316,-24.677
-12.007,-31.314,-24.625
-11.966,-31.312,-24.574
-11.927,-31.309,-24.526
-11.888,-31.306,-24.478
-11.851,-31.303,-24.432
-11.815,-31.299,-24.388
-11.779,-31.295,-24.344
-11.745,-31.291,-24.302
-11.711,-31.286,-24.26
-11.678,-31.282,-24.22
-11.628,-31.273,-24.158
-11.562,-31.26,-24.077
-11.5,-31.245,-24
-11.44,-31.228,-23.926
-11.383,-31.21,-23.856
-11.329,-31.191,-23.788
-11.277,-31.171,-23.722
-11.227,-31.15,-23.659
-11.18,-31.128,-23.597
-11.134,-31.107,-23.537
-11.09,-31.085,-23.479
-11.048,-31.063,-23.422
-10.998,-31.036,-23.353
-10.945,-31.007,-23.279
-10.895,-30.978,-23.206
-10.847,-30.951,-23.135
-10.801,-30.924,-23.066
-10.757,-30.899,-22.997
-10.714,-30.876,-22.93
-10.673,-30.853,-22.864
-10.633,-30.831,-22.799
-10.587,-30.807,-22.722
-10.542,-30.783,-22.646
-10.498,-30.761,-22.571
-10.455,-30.741,-22.498
-10.413,-30.721,-22.426
-10.372,-30.701,-22.355
-10.332,-30.683,-22.285
-10.287,-30.662,-22.208
-10.243,-30.642,-22.132
-10.2,-30.623,-22.057
-10.158,-30.603,-21.983
-10.117,-30.584,-21.911
-10.076,-30.565,-21.84
-10.033,-30.544,-21.765
-9.9891,-30.523,-21.689
-9.9467,-30.502,-21.614
-9.9051,-30.481,-21.541
-9.8646,-30.46,-21.468
-9.8246,-30.439,-21.396
-9.7822,-30.416,-21.319
-9.7409,-30.394,-21.244
-9.7008,-30.372,-21.169
-9.6617,-30.351,-21.095
-9.6237,-30.33,-21.023
-9.5835,-30.308,-20.945
-9.5445,-30.287,-20.868
-9.5066,-30.266,-20.792
-9.4697,-30.246,-20.717
-9.433,-30.227,-20.641
-9.3956,-30.208,-20.562
-9.3592,-30.19,-20.484
-9.3238,-30.173,-20.406
-9.2893,-30.157,-20.329
-9.254,-30.142,-20.249
-9.2194,-30.127,-20.169
-9.1859,-30.115,-20.089
-9.1532,-30.103,-20.01
-9.1203,-30.092,-19.929
-9.088,-30.082,-19.847
-9.0566,-30.074,-19.766
-9.0263,-30.067,-19.686
-8.9958,-30.06,-19.603
-8.9662,-30.055,-19.52
-8.9376,-30.051,-19.438
-8.91,-30.047,-19.356
-8.8824,-30.044,-19.271
-8.8559,-30.042,-19.187
-8.8306,-30.041,-19.104
-8.8059,-30.04,-19.02
-8.7818,-30.04,-18.935
-8.7589,-30.04,-18.851
-8.7371,-30.041,-18.767
-8.7157,-30.041,-18.681
-8.6954,-30.042,-18.595
-8.6762,-30.043,-18.511
-8.6578,-30.044,-18.425
-8.6402,-30.045,-18.338
-8.6237,-30.046,-18.253
-8.6081,-30.047,-18.167
-8.5932,-30.048,-18.08
-8.5793,-30.049,-17.993
-8.5663,-30.049,-17.907
-8.554,-30.05,-17.82
-8.5426,-30.051,-17.733
-8.532,-30.051,-17.647
-8.522,-30.052,-17.559
-8.5129,-30.052,-17.472
-8.5044,-30.053,-17.385
-8.4966,-30.054,-17.297
-8.4894,-30.055,-17.21
-8.4829,-30.056,-17.123
-8.477,-30.057,-17.035
-8.4717,-30.059,-16.948
-8.4669,-30.062,-16.86
-8.4627,-30.065,-16.773
-8.4591,-30.069,-16.686
-8.4561,-30.073,-16.598
-8.4536,-30.078,-16.51
-8.4517,-30.083,-16.423
-8.4504,-30.09,-16.335
-8.4497,-30.097,-16.248
-8.4496,-30.105,-16.161
-8.4501,-30.114,-16.074
-8.4512,-30.124,-15.987
-8.453,-30.135,-15.899
-8.4554,-30.147,-15.813
-8.4585,-30.16,-15.726
-8.4623,-30.174,-15.639
-8.4667,-30.188,-15.553
-8.4719,-30.204,-15.467
-8.4777,-30.221,-15.381
-8.4843,-30.239,-15.296
-8.4916,-30.258,-15.21
-8.4996,-30.277,-15.126
-8.5084,-30.298,-15.04
-8.5178,-30.32,-14.956
-8.5279,-30.343,-14.872
-8.5387,-30.367,-14.788
-8.5501,-30.392,-14.705
-8.5623,-30.418,-14.622
-8.575,-30.445,-14.54
-8.5884,-30.473,-14.458
-8.6022,-30.502,-14.376
-8.6167,-30.532,-14.295
-8.6317,-30.563,-14.215
-8.6472,-30.596,-14.135
-8.6632,-30.629,-14.055
-8.6795,-30.663,-13.976
-8.6963,-30.699,-13.898
-8.7133,-30.736,-13.821
-8.7309,-30.774,-13.743
-8.7485,-30.813,-13.667
-8.7666,-30.854,-13.591
-8.7847,-30.895,-13.516
-8.8033,-30.938,-13.441
-8.8218,-30.982,-13.368
-8.8408,-31.027,-13.295
-8.8598,-31.073,-13.224
-8.8791,-31.121,-13.153
-8.8985,-31.17,-13.083
-8.9181,-31.22,-13.014
-8.9381,-31.272,-12.945
-8.9582,-31.324,-12.879
-8.9789,-31.378,-12.812
-8.9998,-31.433,-12.747
-9.0213,-31.489,-12.683
-9.0434,-31.547,-12.621
-9.066,-31.605,-12.559
-9.0895,-31.664,-12.499
-9.1138,-31.724,-12.44
-9.1389,-31.784,-12.382
-9.1651,-31.846,-12.325
-9.1923,-31.908,-12.27
-9.2205,-31.971,-12.216
-9.2501,-32.035,-12.163
-9.2808,-32.099,-12.111
-9.3127,-32.163,-12.061
-9.3459,-32.228,-12.012
-9.3804,-32.293,-11.965
-9.416,-32.358,-11.918
-9.4529,-32.424,-11.873
-9.491,-32.489,-11.83
-9.5301,-32.555,-11.787
-9.5703,-32.621,-11.746
-9.6116,-32.687,-11.705
-9.6537,-32.754,-11.666
-9.6968,-32.82,-11.628
-9.7406,-32.886,-11.591
-9.7852,-32.953,-11.555
-9.8303,-33.019,-11.52
-9.8761,-33.085,-11.486
-9.9223,-33.152,-11.452
-9.969,-33.219,-11.42
-10.016,-33.285,-11.388
-10.063,-33.352,-11.356
-10.111,-33.419,-11.325
-10.158,-33.486,-11.295
-10.205,-33.554,-11.265
-10.253,-33.621,-11.236
-10.3,-33.689,-11.207
-10.347,-33.757,-11.178
-10.394,-33.826,-11.149
-10.44,-33.895,-11.121
-10.486,-33.964,-11.093
-10.531,-34.034,-11.065
-10.575,-34.104,-11.037
-10.619,-34.175,-11.009
-10.661,-34.246,-10.981
-10.703,-34.318,-10.953
-10.743,-34.391,-10.925
-10.783,-34.464,-10.897
-10.82,-34.538,-10.869
-10.857,-34.612,-10.84
-10.892,-34.688,-10.812
-10.925,-34.764,-10.783
-10.956,-34.84,-10.755
-10.986,-34.918,-10.726
-11.014,-34.996,-10.697
-11.039,-35.074,-10.667
-11.063,-35.153,-10.638
-11.085,-35.233,-10.608
-11.105,-35.313,-10.578
-11.123,-35.393,-10.548
-11.14,-35.474,-10.518
-11.154,-35.555,-10.488
-11.167,-35.636,-10.457
-11.179,-35.717,-10.426
-11.189,-35.798,-10.395
-11.198,-35.879,-10.363
-11.206,-35.96,-10.331
-11.213,-36.041,-10.298
-11.219,-36.122,-10.265
-11.225,-36.203,-10.231
-11.23,-36.284,-10.197
-11.235,-36.364,-10.162
-11.239,-36.444,-10.127
-11.244,-36.524,-10.09
-11.248,-36.603,-10.053
-11.252,-36.682,-10.015
-11.256,-36.76,-9.9755
-11.261,-36.838,-9.9353
-11.265,-36.915,-9.8941
-11.27,-36.992,-9.8519
-11.274,-37.068,-9.8086
-11.279,-37.143,-9.7642
-11.283,-37.218,-9.7186
-11.288,-37.292,-9.672
-11.292,-37.366,-9.6243
-11.296,-37.438,-9.5755
-11.299,-37.51,-9.5256
-11.302,-37.582,-9.4746
-11.303,-37.652,-9.4227
-11.304,-37.722,-9.3697
-11.304,-37.791,-9.3158
-11.302,-37.86,-9.261
-11.299,-37.927,-9.2053
-11.294,-37.994,-9.1488
-11.287,-38.06,-9.0915
-11.279,-38.125,-9.0335
-11.268,-38.19,-8.975
-11.254,-38.253,-8.9158
-11.239,-38.315,-8.8562
-11.221,-38.377,-8.7962
-11.2,-38.437,-8.7359
-11.177,-38.496,-8.6753
-11.152,-38.554,-8.6146
-11.124,-38.61,-8.5537
-11.093,-38.665,-8.4928
-11.061,-38.719,-8.4319
-11.026,-38.772,-8.371
-10.988,-38.823,-8.3102
-10.949,-38.872,-8.2495
-10.908,-38.921,-8.1889
-10.865,-38.967,-8.1286
-10.82,-39.013,-8.0684
-10.773,-39.056,-8.0083
-10.725,-39.099,-7.9485
-10.676,-39.14,-7.8888
-10.625,-39.179,-7.8294
-10.573,-39.217,-7.7701
-10.519,-39.254,-7.711
-10.465,-39.289,-7.6522
-10.409,-39.323,-7.5935
-10.352,-39.355,-7.535
-10.295,-39.386,-7.4768
-10.236,-39.416,-7.4187
-10.176,-39.444,-7.3609
-10.116,-39.471,-7.3034
-10.054,-39.496,-7.246
-9.992,-39.519,-7.189
-9.9289,-39.541,-7.1322
-9.865,-39.562,-7.0757
-9.8003,-39.58,-7.0196
-9.7349,-39.597,-6.9639
-9.6687,-39.613,-6.9085
-9.6017,-39.626,-6.8536
-9.534,-39.638,-6.7991
-9.4656,-39.648,-6.7451
-9.3965,-39.656,-6.6917
-9.3268,-39.662,-6.6389
-9.2564,-39.666,-6.5868
-9.1854,-39.668,-6.5354
-9.1139,-39.667,-6.4847
-9.0419,-39.665,-6.4348
-8.9693,-39.66,-6.3858
-8.8964,-39.652,-6.3377
-8.8231,-39.643,-6.2906
-8.7496,-39.63,-6.2445
-8.6758,-39.616,-6.1994
-8.6019,-39.599,-6.1555
-8.5279,-39.579,-6.1127
-8.454,-39.557,-6.0711
-8.3802,-39.532,-6.0307
-8.3066,-39.505,-5.9915
-8.2333,-39.476,-5.9535
-8.1603,-39.444,-5.9168
-8.0877,-39.41,-5.8814
-8.0156,-39.374,-5.8472
-7.9441,-39.335,-5.8142
-7.8732,-39.295,-5.7825
-7.8029,-39.252,-5.752
-7.7333,-39.208,-5.7226
-7.6644,-39.161,-5.6944
-7.5962,-39.113,-5.6673
-7.5288,-39.064,-5.6412
-7.4621,-39.012,-5.6163
-7.3962,-38.96,-5.5923
-7.3311,-38.906,-5.5693
-7.2667,-38.851,-5.5472
-7.203,-38.794,-5.526
-7.1401,-38.737,-5.5057
-7.0779,-38.678,-5.4861
-7.0165,-38.618,-5.4674
-6.9558,-38.558,-5.4494
-6.8958,-38.496,-5.4322
-6.8366,-38.434,-5.4156
-6.778,-38.37,-5.3997
-6.7202,-38.306,-5.3844
-6.6631,-38.241,-5.3698
-6.6067,-38.176,-5.3557
-6.5511,-38.109,-5.3422
-6.4963,-38.042,-5.3293
-6.4422,-37.974,-5.3169
-6.389,-37.905,-5.305
-6.3366,-37.836,-5.2936
-6.2851,-37.766,-5.2827
-6.2346,-37.695,-5.2723
-6.1851,-37.623,-5.2623
-6.1366,-37.551,-5.2529
-6.0893,-37.478,-5.2438
-6.0432,-37.404,-5.2352
-5.9983,-37.329,-5.2271
-5.9549,-37.253,-5.2194
-5.9129,-37.176,-5.2121
-5.8723,-37.099,-5.2053
-5.8335,-37.021,-5.1989
-5.7963,-36.941,-5.1929
-5.761,-36.861,-5.1874
-5.7275,-36.78,-5.1824
-5.696,-36.699,-5.1779
-5.6665,-36.616,-5.1739
-5.6391,-36.533,-5.1704
-5.6138,-36.449,-5.1675
-5.5906,-36.365,-5.1652
-5.5696,-36.28,-5.1636
-5.5506,-36.194,-5.1626
-5.5336,-36.108,-5.1623
-5.5186,-36.022,-5.1628
-5.5055,-35.935,-5.164
-5.4941,-35.848,-5.1661
-5.4845,-35.761,-5.1689
-5.4763,-35.674,-5.1725
-5.4697,-35.587,-5.1769
-5.4643,-35.499,-5.182
-5.46,-35.412,-5.1878
-5.4568,-35.324,-5.1942
-5.4545,-35.237,-5.2011
-5.453,-35.15,-5.2084
-5.4522,-35.062,-5.216
-5.452,-34.975,-5.2238
-5.4523,-34.888,-5.2316
-5.453,-34.8,-5.2394
-5.4541,-34.713,-5.2469
-5.4554,-34.626,-5.2541
-5.4571,-34.538,-5.2608
-5.459,-34.451,-5.267
-5.4611,-34.363,-5.2726
-5.4635,-34.276,-5.2774
-5.466,-34.188,-5.2815
-5.4688,-34.101,-5.2848
-5.4719,-34.013,-5.2872
-5.4752,-33.926,-5.2889
-5.4788,-33.838,-5.2897
-5.4829,-33.75,-5.2898
-5.4873,-33.663,-5.2891
-5.4922,-33.575,-5.2878
-5.4977,-33.488,-5.2857
-5.5038,-33.4,-5.283
-5.5106,-33.313,-5.2798
-5.5181,-33.226,-5.2761
-5.5264,-33.139,-5.2719
-5.5357,-33.052,-5.2672
-5.5458,-32.965,-5.2622
-5.5571,-32.878,-5.2568
-5.5693,-32.791,-5.2511
-5.5827,-32.705,-5.2451
-5.5973,-32.619,-5.2388
-5.613,-32.533,-5.2323
-5.63,-32.447,-5.2255
-5.6481,-32.361,-5.2185
-5.6674,-32.276,-5.2112
-5.6879,-32.191,-5.2037
-5.7095,-32.107,-5.196
-5.7322,-32.022,-5.188
-5.7559,-31.938,-5.1798
-5.7806,-31.855,-5.1713
-5.8062,-31.771,-5.1624
-5.8326,-31.688,-5.1533
-5.8597,-31.605,-5.1438
-5.8876,-31.523,-5.1339
-5.916,-31.441,-5.1237
-5.945,-31.358,-5.113
-5.9745,-31.277,-5.1018
-6.0043,-31.195,-5.0902
-6.0344,-31.114,-5.0781
-6.0649,-31.032,-5.0654
-6.0956,-30.951,-5.0522
-6.1265,-30.87,-5.0384
-6.1575,-30.79,-5.024
-6.1888,-30.709,-5.009
-6.2202,-30.629,-4.9934
-6.2517,-30.549,-4.9771
-6.2834,-30.469,-4.9601
-6.3153,-30.389,-4.9425
-6.3474,-30.31,-4.9242
-6.3797,-30.23,-4.9051
-6.4122,-30.151,-4.8854
-6.445,-30.073,-4.8649
-6.4781,-29.994,-4.8437
-6.5115,-29.916,-4.8217
-6.5453,-29.839,-4.799
-6.5794,-29.761,-4.7755
-6.6139,-29.684,-4.7512
-6.6487,-29.608,-4.7261
-6.684,-29.532,-4.7002
-6.7196,-29.457,-4.6734
-6.7556,-29.381,-4.6457
-6.7919,-29.307,-4.6172
-6.8286,-29.233,-4.5878
-6.8656,-29.16,-4.5575
-6.9028,-29.087,-4.5263
-6.9404,-29.014,-4.4941
-6.9782,-28.942,-4.4609
-7.0161,-28.871,-4.4268
-7.0543,-28.8,-4.3916
-7.0925,-28.73,-4.3555
-7.1309,-28.661,-4.3183
-7.1693,-28.592,-4.28
-7.2078,-28.524,-4.2406
-7.2463,-28.456,-4.2001
-7.2847,-28.389,-4.1586
-7.3231,-28.323,-4.1158
-7.3614,-28.257,-4.0719
-7.3996,-28.193,-4.0269
-7.4377,-28.129,-3.9806
-7.4757,-28.065,-3.9332
-7.5135,-28.003,-3.8845
-7.5512,-27.942,-3.8346
-7.5887,-27.881,-3.7834
-7.6261,-27.822,-3.7309
-7.6632,-27.763,-3.6772
-7.7003,-27.706,-3.6222
-7.7372,-27.65,-3.5659
-7.7739,-27.595,-3.5084
-7.8105,-27.541,-3.4496
-7.8471,-27.489,-3.3895
-7.8835,-27.438,-3.3281
-7.9199,-27.388,-3.2656
-7.9563,-27.34,-3.2018
-7.9927,-27.294,-3.1368
-8.0291,-27.249,-3.0708
-8.0656,-27.206,-3.0036
-8.1022,-27.165,-2.9354
-8.139,-27.126,-2.8662
-8.1759,-27.088,-2.7961
-8.213,-27.053,-2.7251
-8.2504,-27.019,-2.6534
-8.288,-26.987,-2.5809
-8.3259,-26.957,-2.5078
-8.3642,-26.929,-2.434
-8.4028,-26.903,-2.3598
-8.4418,-26.879,-2.2851
-8.4811,-26.856,-2.2101
-8.5208,-26.835,-2.1347
-8.5609,-26.816,-2.0591
-8.6015,-26.799,-1.9833
-8.6424,-26.783,-1.9074
-8.6837,-26.769,-1.8314
-8.7255,-26.756,-1.7554
-8.7676,-26.745,-1.6793
-8.8102,-26.735,-1.6033
-8.8532,-26.727,-1.5274
-8.8966,-26.72,-1.4515
-8.9404,-26.714,-1.3758
-8.9846,-26.709,-1.3003
-9.0292,-26.705,-1.2249
-9.0742,-26.703,-1.1497
-9.1196,-26.701,-1.0747
-9.1654,-26.7,-0.99993
-9.2116,-26.7,-0.9254
-9.2582,-26.701,-0.85114
-9.3052,-26.703,-0.77714
-9.3526,-26.706,-0.70343
-9.4004,-26.709,-0.63002
-9.4487,-26.713,-0.55692
-9.4974,-26.717,-0.48415
-9.5465,-26.722,-0.41172
-9.5961,-26.728,-0.33965
-9.6462,-26.734,-0.26795
-9.6968,-26.74,-0.19665
-9.7479,-26.747,-0.12577
-9.7996,-26.755,-0.055318
-9.8518,-26.762,0.014668
-9.9047,-26.77,0.084167
-9.9581,-26.778,0.15318
-10.012,-26.787,0.22165
-10.067,-26.796,0.28956
-10.123,-26.804,0.35685
-10.179,-26.813,0.42351
-10.236,-26.823,0.48947
-10.294,-26.832,0.5547
-10.352,-26.841,0.61915
-10.412,-26.851,0.68277
-10.472,-26.86,0.74559
-10.534,-26.87,0.80751
-10.596,-26.88,0.86845
-10.659,-26.89,0.92836
-10.723,-26.9,0.98721
-10.788,-26.91,1.045
-10.855,-26.92,1.1017
-10.922,-26.931,1.1572
-10.989,-26.942,1.2115
-11.058,-26.953,1.2646
-11.128,-26.965,1.3165
-11.198,-26.978,1.3672
-11.269,-26.991,1.4168
-11.341,-27.005,1.4652
-11.413,-27.02,1.5125
-11.486,-27.036,1.5588
-11.559,-27.053,1.6041
-11.633,-27.071,1.6486
-11.706,-27.09,1.6922
-11.78,-27.111,1.7352
-11.854,-27.132,1.7775
-11.927,-27.155,1.8193
-12.001,-27.179,1.8606
-12.074,-27.204,1.9015
-12.147,-27.23,1.9421
-12.22,-27.257,1.9825
-12.293,-27.286,2.0226
-12.365,-27.315,2.0626
-12.437,-27.345,2.1023
-12.509,-27.376,2.1419
-12.58,-27.408,2.1813
-12.652,-27.441,2.2206
-12.723,-27.474,2.2596
-12.794,-27.508,2.2983
-12.865,-27.542,2.3368
-12.936,-27.576,2.3749
-13.007,-27.611,2.4127
-13.078,-27.646,2.45
-13.15,-27.681,2.4869
-13.221,-27.717,2.5232
-13.293,-27.752,2.5589
-13.365,-27.787,2.5941
-13.438,-27.822,2.6285
-13.511,-27.857,2.6623
-13.584,-27.891,2.6954
-13.658,-27.925,2.7278
-13.733,-27.959,2.7595
-13.808,-27.993,2.7906
-13.883,-28.026,2.821
-13.959,-28.058,2.851
-14.035,-28.09,2.8804
-14.111,-28.122,2.9095
-14.188,-28.153,2.9383
-14.265,-28.184,2.967
-14.341,-28.215,2.9958
-14.418,-28.246,3.0246
-14.495,-28.276,3.0538
-14.572,-28.307,3.0833
-14.648,-28.338,3.1133
-14.724,-28.37,3.144
-14.799,-28.401,3.1752
-14.874,-28.434,3.2072
-14.949,-28.467,3.24
-15.022,-28.501,3.2735
-15.095,-28.535,3.3077
-15.167,-28.571,3.3426
-15.238,-28.607,3.3783
-15.309,-28.645,3.4145
-15.379,-28.684,3.4514
-15.447,-28.723,3.4887
-15.515,-28.764,3.5266
-15.582,-28.806,3.5648
-15.648,-28.848,3.6034
-15.713,-28.892,3.6423
-15.778,-28.937,3.6814
-15.841,-28.983,3.7208
-15.904,-29.03,3.7604
-15.966,-29.077,3.8002
-16.027,-29.126,3.8402
-16.087,-29.175,3.8803
-16.147,-29.225,3.9208
-16.205,-29.276,3.9615
-16.263,-29.328,4.0024
-16.321,-29.38,4.0438
-16.377,-29.432,4.0855
-16.433,-29.485,4.1277
-16.488,-29.538,4.1705
-16.542,-29.592,4.2139
-16.596,-29.645,4.258
-16.649,-29.699,4.3028
-16.701,-29.752,4.3485
-16.753,-29.806,4.3951
-16.804,-29.859,4.4427
-16.854,-29.912,4.4912
-16.904,-29.964,4.5408
-16.953,-30.016,4.5915
-17.002,-30.067,4.6433
-17.05,-30.118,4.6961
-17.098,-30.168,4.75
-17.145,-30.217,4.805
-17.193,-30.265,4.8609
-17.239,-30.313,4.9179
-17.286,-30.359,4.9757
-17.332,-30.405,5.0343
-17.378,-30.45,5.0938
-17.424,-30.495,5.1539
-17.47,-30.538,5.2147
-17.515,-30.581,5.2761
-17.561,-30.623,5.338
-17.607,-30.664,5.4003
-17.652,-30.705,5.463
-17.698,-30.745,5.526
-17.744,-30.785,5.5893
-17.79,-30.824,5.6527
-17.837,-30.863,5.7163
-17.883,-30.901,5.7799
-17.93,-30.939,5.8436
-17.978,-30.977,5.9072
-18.025,-31.014,5.9708
-18.073,-31.051,6.0342
-18.121,-31.087,6.0975
-18.17,-31.124,6.1605
-18.22,-31.16,6.2233
-18.27,-31.196,6.2858
-18.32,-31.232,6.3479
-18.371,-31.267,6.4096
-18.423,-31.302,6.4708
-18.476,-31.337,6.5316
-18.529,-31.372,6.5918
-18.583,-31.407,6.6514
-18.638,-31.441,6.7103
-18.694,-31.476,6.7686
-18.751,-31.509,6.8261
-18.809,-31.543,6.8828
-18.868,-31.576,6.9386
-18.928,-31.608,6.9934
-18.99,-31.64,7.0472
-19.053,-31.671,7.0999
-19.117,-31.702,7.1515
-19.182,-31.732,7.2018
-19.249,-31.76,7.2507
-19.317,-31.788,7.2983
-19.386,-31.815,7.3445
-19.457,-31.84,7.3891
-19.53,-31.865,7.4322
-19.603,-31.888,7.4738
-19.678,-31.91,7.5138
-19.754,-31.931,7.5524
-19.831,-31.95,7.5895
-19.909,-31.968,7.6253
-19.988,-31.986,7.66
-20.067,-32.003,7.6937
-20.146,-32.019,7.7266
-20.226,-32.035,7.759
-20.306,-32.051,7.791
-20.386,-32.068,7.8228
-20.466,-32.085,7.8547
-20.546,-32.103,7.8868
-20.625,-32.122,7.9192
-20.704,-32.142,7.9521
-20.782,-32.164,7.9855
-20.859,-32.187,8.0194
-20.936,-32.212,8.0538
-21.011,-32.24,8.0887
-21.086,-32.268,8.1241
-21.16,-32.299,8.1598
-21.233,-32.332,8.1959
-21.305,-32.366,8.2321
-21.376,-32.402,8.2684
-21.446,-32.44,8.3047
-21.516,-32.48,8.341
-21.584,-32.521,8.3771
-21.652,-32.563,8.4129
-21.719,-32.607,8.4485
-21.786,-32.652,8.4837
-21.852,-32.698,8.5184
-21.917,-32.746,8.5527
-21.982,-32.794,8.5864
-22.047,-32.843,8.6196
-22.111,-32.893,8.6523
-22.175,-32.943,8.6844
-22.239,-32.995,8.7158
-22.303,-33.046,8.7467
-22.366,-33.098,8.777
-22.43,-33.151,8.8066
-22.494,-33.204,8.8356
-22.557,-33.257,8.864
-22.621,-33.31,8.8919
-22.685,-33.363,8.9191
-22.75,-33.416,8.9457
-22.815,-33.469,8.9717
-22.88,-33.522,8.9972
-22.945,-33.575,9.022
-23.012,-33.627,9.0463
-23.078,-33.679,9.0701
-23.145,-33.73,9.0932
-23.213,-33.781,9.1158
-23.282,-33.831,9.1377
-23.351,-33.88,9.1591
-23.421,-33.928,9.1797
-23.492,-33.976,9.1998
-23.564,-34.022,9.2191
-23.637,-34.067,9.2377
-23.711,-34.111,9.2555
-23.785,-34.154,9.2724
-23.861,-34.195,9.2884
-23.938,-34.235,9.3033
-24.015,-34.274,9.3172
-24.094,-34.31,9.3298
-24.173,-34.345,9.3411
-24.254,-34.378,9.351
-24.336,-34.409,9.3592
-24.418,-34.438,9.3656
-24.502,-34.465,9.3702
-24.586,-34.489,9.3726
-24.671,-34.511,9.3728
-24.756,-34.53,9.3706
-24.842,-34.546,9.3658
-24.929,-34.559,9.3584
-25.015,-34.568,9.3483
-25.102,-34.575,9.3354
-25.188,-34.578,9.3197
-25.274,-34.577,9.3013
-25.359,-34.573,9.2803
-25.443,-34.566,9.2567
-25.526,-34.556,9.2308
-25.608,-34.542,9.2027
-25.689,-34.526,9.1727
-25.768,-34.507,9.1409
-25.846,-34.485,9.1074
-25.923,-34.461,9.0725
-25.998,-34.436,9.0363
-26.073,-34.408,8.9991
-26.146,-34.378,8.9607
-26.218,-34.347,8.9215
-26.289,-34.314,8.8815
-26.359,-34.281,8.8409
-26.427,-34.245,8.7996
-26.496,-34.209,8.7578
-26.563,-34.172,8.7155
-26.629,-34.134,8.6728
-26.695,-34.095,8.6298
-26.76,-34.056,8.5865
-26.825,-34.015,8.543
-26.889,-33.974,8.4993
-26.952,-33.932,8.4555
-27.015,-33.89,8.4117
-27.077,-33.846,8.3679
-27.139,-33.803,8.3241
-27.201,-33.758,8.2804
-27.262,-33.713,8.2369
-27.323,-33.667,8.1937
-27.383,-33.62,8.1508
-27.443,-33.572,8.1083
-27.503,-33.523,8.0663
-27.562,-33.474,8.0248
-27.622,-33.424,7.9841
-27.68,-33.372,7.9441
-27.739,-33.32,7.905
-27.797,-33.266,7.8669
-27.854,-33.211,7.8299
-27.911,-33.155,7.7942
-27.968,-33.098,7.7598
-28.024,-33.039,7.7271
-28.08,-32.979,7.696
-28.135,-32.918,7.6668
-28.19,-32.855,7.6396
-28.244,-32.791,7.6145
-28.298,-32.725,7.5918
-28.351,-32.658,7.5715
-28.403,-32.59,7.5538
-28.454,-32.521,7.5387
-28.505,-32.45,7.5264
-28.555,-32.379,7.517
-28.604,-32.307,7.5103
-28.653,-32.234,7.5066
-28.701,-32.16,7.5057
-28.748,-32.087,7.5076
-28.795,-32.012,7.5122
-28.841,-31.938,7.5195
-28.886,-31.864,7.5294
-28.931,-31.79,7.5418
-28.975,-31.715,7.5565
-29.019,-31.641,7.5734
-29.062,-31.568,7.5925
-29.105,-31.494,7.6137
-29.148,-31.421,7.6367
-29.19,-31.348,7.6616
-29.232,-31.276,7.6882
-29.274,-31.204,7.7165
-29.315,-31.133,7.7462
-29.356,-31.062,7.7775
-29.397,-30.992,7.8101
-29.438,-30.922,7.8441
-29.478,-30.852,7.8794
-29.518,-30.784,7.9159
-29.558,-30.715,7.9536
-29.597,-30.647,7.9925
-29.636,-30.58,8.0324
-29.676,-30.513,8.0735
-29.714,-30.446,8.1155
-29.753,-30.38,8.1586
-29.791,-30.315,8.2027
-29.829,-30.25,8.2478
-29.867,-30.186,8.2939
-29.905,-30.122,8.341
-29.942,-30.059,8.389
-29.979,-29.996,8.4379
-30.016,-29.934,8.4878
-30.052,-29.873,8.5386
-30.089,-29.812,8.5904
-30.125,-29.752,8.6431
-30.16,-29.693,8.6967
-30.196,-29.634,8.7512
-30.231,-29.576,8.8066
-30.267,-29.519,8.8629
-30.301,-29.462,8.9201
-30.336,-29.407,8.9782
-30.371,-29.352,9.0371
-30.405,-29.297,9.0968
-30.44,-29.244,9.1573
-30.474,-29.192,9.2187
-30.508,-29.14,9.2807
-30.542,-29.089,9.3435
-30.576,-29.039,9.4069
-30.61,-28.99,9.471
-30.644,-28.941,9.5357
-30.677,-28.893,9.6009
-30.711,-28.846,9.6667
-30.745,-28.8,9.733
-30.779,-28.754,9.7997
-30.813,-28.709,9.8668
-30.847,-28.665,9.9342
-30.882,-28.621,10.002
-30.916,-28.578,10.07
-30.951,-28.535,10.138
-30.986,-28.493,10.207
-31.021,-28.451,10.276
-31.056,-28.41,10.344
-31.091,-28.369,10.414
-31.127,-28.329,10.483
-31.162,-28.289,10.552
-31.199,-28.249,10.621
-31.235,-28.209,10.691
-31.271,-28.17,10.76
-31.308,-28.132,10.83
-31.345,-28.093,10.899
-31.382,-28.055,10.969
-31.42,-28.018,11.039
-31.458,-27.981,11.108
-31.496,-27.944,11.178
-31.535,-27.907,11.248
-31.573,-27.871,11.318
-31.613,-27.836,11.388
-31.652,-27.8,11.458
-31.692,-27.766,11.528
-31.732,-27.732,11.598
-31.773,-27.698,11.668
-31.813,-27.665,11.738
-31.855,-27.632,11.808
-31.896,-27.6,11.878
-31.938,-27.568,11.948
-31.981,-27.536,12.018
-32.024,-27.506,12.088
-32.067,-27.475,12.158
-32.11,-27.446,12.228
-32.154,-27.416,12.298
-32.199,-27.387,12.368
-32.243,-27.359,12.438
-32.289,-27.331,12.507
-32.334,-27.303,12.577
-32.38,-27.275,12.647
-32.426,-27.248,12.716
-32.472,-27.221,12.785
-32.519,-27.195,12.854
-32.566,-27.168,12.924
-32.614,-27.142,12.992
-32.661,-27.116,13.061
-32.709,-27.089,13.13
-32.757,-27.063,13.198
-32.806,-27.037,13.267
-32.855,-27.011,13.335
-32.903,-26.985,13.403
-32.953,-26.959,13.47
-33.002,-26.932,13.538
-33.051,-26.906,13.605
-33.101,-26.879,13.672
-33.151,-26.852,13.739
-33.201,-26.824,13.805
-33.251,-26.796,13.871
-33.302,-26.768,13.937
-33.352,-26.739,14.003
-33.403,-26.71,14.068
-33.454,-26.68,14.133
-33.505,-26.65,14.198
-33.556,-26.619,14.262
-33.607,-26.587,14.326
-33.658,-26.555,14.389
-33.71,-26.522,14.452
-33.762,-26.489,14.514
-33.813,-26.455,14.576
-33.865,-26.42,14.638
-33.917,-26.384,14.699
-33.97,-26.348,14.759
-34.022,-26.311,14.819
-34.074,-26.273,14.878
-34.127,-26.234,14.936
-34.18,-26.194,14.994
-34.232,-26.154,15.051
-34.285,-26.113,15.108
-34.339,-26.071,15.164
-34.392,-26.029,15.219
-34.445,-25.985,15.273
-34.499,-25.941,15.327
-34.552,-25.897,15.38
-34.606,-25.851,15.432
-34.66,-25.805,15.484
-34.714,-25.758,15.535
-34.768,-25.711,15.585
-34.822,-25.663,15.634
-34.877,-25.614,15.683
-34.931,-25.565,15.731
-34.985,-25.515,15.778
-35.04,-25.465,15.825
-35.094,-25.414,15.871
-35.149,-25.363,15.916
-35.204,-25.311,15.961
-35.258,-25.258,16.006
-35.313,-25.206,16.049
-35.368,-25.152,16.092
-35.422,-25.099,16.135
-35.477,-25.045,16.177
-35.531,-24.99,16.219
-35.586,-24.935,16.26
-35.64,-24.88,16.301
-35.695,-24.824,16.341
-35.749,-24.768,16.381
-35.804,-24.711,16.42
-35.858,-24.654,16.459
-35.912,-24.597,16.497
-35.966,-24.54,16.535
-36.02,-24.482,16.573
-36.074,-24.423,16.61
-36.128,-24.365,16.647
-36.182,-24.306,16.683
-36.235,-24.247,16.719
-36.289,-24.187,16.754
-36.343,-24.127,16.789
-36.397,-24.067,16.823
-36.45,-24.006,16.857
-36.504,-23.945,16.89
-36.558,-23.884,16.923
-36.612,-23.823,16.955
-36.665,-23.761,16.986
-36.719,-23.699,17.017
-36.773,-23.637,17.047
-36.827,-23.575,17.077
-36.881,-23.512,17.105
-36.935,-23.449,17.133
-36.99,-23.386,17.161
-37.044,-23.322,17.187
-37.099,-23.259,17.213
-37.153,-23.195,17.238
-37.208,-23.13,17.262
-37.262,-23.066,17.285
-37.317,-23.001,17.307
-37.372,-22.936,17.328
-37.427,-22.871,17.349
-37.482,-22.805,17.368
-37.537,-22.739,17.387
-37.591,-22.673,17.404
-37.646,-22.607,17.421
-37.7,-22.54,17.437
-37.755,-22.473,17.451
-37.809,-22.405,17.465
-37.863,-22.337,17.478
-37.916,-22.268,17.489
-37.969,-22.199,17.5
-38.021,-22.13,17.51
-38.073,-22.06,17.519
-38.124,-21.989,17.527
-38.174,-21.917,17.535
-38.224,-21.845,17.542
-38.272,-21.772,17.547
-38.319,-21.698,17.553
-38.364,-21.624,17.558
-38.409,-21.548,17.562
-38.451,-21.471,17.565
-38.492,-21.394,17.569
-38.531,-21.316,17.572
-38.569,-21.236,17.575
-38.604,-21.156,17.578
-38.637,-21.075,17.581
-38.668,-20.993,17.583
-38.696,-20.91,17.586
-38.722,-20.826,17.59
-38.746,-20.742,17.593
-38.768,-20.657,17.597
-38.787,-20.572,17.601
-38.804,-20.486,17.605
-38.819,-20.4,17.61
-38.832,-20.313,17.615
-38.842,-20.226,17.621
-38.851,-20.139,17.627
-38.858,-20.052,17.634
-38.863,-19.965,17.641
-38.866,-19.878,17.649
-38.867,-19.79,17.657
-38.866,-19.703,17.666
-38.864,-19.616,17.675
-38.86,-19.529,17.685
-38.854,-19.442,17.695
-38.846,-19.355,17.706
-38.836,-19.269,17.717
-38.825,-19.183,17.729
-38.812,-19.097,17.741
-38.797,-19.012,17.753
-38.78,-18.927,17.766
-38.761,-18.842,17.779
-38.74,-18.758,17.793
-38.718,-18.674,17.806
-38.693,-18.591,17.82
-38.668,-18.508,17.834
-38.64,-18.426,17.848
-38.611,-18.345,17.862
-38.58,-18.264,17.875
-38.548,-18.184,17.889
-38.514,-18.104,17.902
-38.479,-18.024,17.916
-38.443,-17.946,17.928
-38.405,-17.867,17.941
-38.367,-17.79,17.953
-38.327,-17.712,17.965
-38.287,-17.635,17.976
-38.246,-17.559,17.986
-38.203,-17.482,17.996
-38.16,-17.407,18.006
-38.117,-17.331,18.014
-38.072,-17.256,18.022
-38.027,-17.181,18.029
-37.982,-17.106,18.035
-37.935,-17.032,18.04
-37.889,-16.958,18.044
-37.842,-16.884,18.047
-37.794,-16.81,18.048
-37.746,-16.737,18.049
-37.697,-16.664,18.049
-37.648,-16.591,18.047
-37.599,-16.519,18.044
-37.549,-16.447,18.04
-37.499,-16.375,18.035
-37.448,-16.304,18.028
-37.397,-16.233,18.021
-37.345,-16.163,18.012
-37.293,-16.093,18.002
-37.241,-16.024,17.991
-37.188,-15.955,17.979
-37.135,-15.886,17.966
-37.081,-15.819,17.951
-37.027,-15.751,17.937
-36.973,-15.684,17.921
-36.918,-15.618,17.905
-36.862,-15.552,17.887
-36.807,-15.487,17.87
-36.751,-15.422,17.852
-36.694,-15.358,17.833
-36.637,-15.294,17.815
-36.58,-15.23,17.796
-36.522,-15.167,17.777
-36.464,-15.104,17.757
-36.405,-15.042,17.738
-36.346,-14.98,17.719
-36.287,-14.918,17.7
-36.228,-14.856,17.681
-36.168,-14.795,17.662
-36.107,-14.735,17.643
-36.047,-14.674,17.625
-35.986,-14.614,17.607
-35.924,-14.554,17.59
-35.862,-14.494,17.573
-35.8,-14.434,17.556
-35.738,-14.375,17.54
-35.675,-14.316,17.524
-35.611,-14.257,17.509
-35.548,-14.199,17.495
-35.484,-14.141,17.48
-35.419,-14.083,17.467
-35.354,-14.025,17.453
-35.289,-13.968,17.44
-35.223,-13.912,17.428
-35.157,-13.855,17.415
-35.091,-13.799,17.403
-35.024,-13.744,17.391
-34.957,-13.689,17.379
-34.889,-13.634,17.367
-34.821,-13.58,17.354
-34.753,-13.527,17.342
-34.684,-13.474,17.329
-34.615,-13.422,17.315
-34.546,-13.37,17.301
-34.476,-13.319,17.287
-34.406,-13.268,17.272
-34.336,-13.218,17.256
-34.266,-13.168,17.239
-34.195,-13.12,17.222
-34.124,-13.071,17.205
-34.053,-13.024,17.186
-33.981,-12.976,17.168
-33.91,-12.929,17.148
-33.838,-12.883,17.129
-33.766,-12.837,17.109
-33.694,-12.791,17.09
-33.621,-12.746,17.07
-33.549,-12.7,17.051
-33.476,-12.655,17.032
-33.403,-12.61,17.014
-33.33,-12.564,16.997
-33.257,-12.519,16.98
-33.184,-12.473,16.965
-33.111,-12.427,16.951
-33.037,-12.381,16.938
-32.964,-12.334,16.927
-32.891,-12.287,16.917
-32.818,-12.239,16.908
-32.745,-12.191,16.901
-32.672,-12.143,16.895
-32.599,-12.094,16.891
-32.527,-12.045,16.888
-32.455,-11.995,16.886
-32.383,-11.945,16.886
-32.311,-11.894,16.886
-32.24,-11.844,16.888
-32.168,-11.792,16.89
-32.097,-11.741,16.894
-32.026,-11.69,16.898
-31.956,-11.638,16.903
-31.885,-11.587,16.908
-31.814,-11.535,16.914
-31.744,-11.484,16.92
-31.673,-11.432,16.927
-31.602,-11.381,16.934
-31.531,-11.33,16.941
-31.46,-11.279,16.949
-31.389,-11.229,16.956
-31.317,-11.179,16.964
-31.246,-11.129,16.972
-31.173,-11.08,16.979
-31.101,-11.031,16.987
-31.028,-10.983,16.994
-30.955,-10.935,17.001
-30.881,-10.888,17.008
-30.807,-10.841,17.015
-30.733,-10.795,17.021
-30.658,-10.75,17.026
-30.583,-10.704,17.032
-30.508,-10.66,17.037
-30.433,-10.615,17.041
-30.357,-10.571,17.045
-30.281,-10.527,17.049
-30.205,-10.483,17.052
-30.129,-10.44,17.055
-30.053,-10.396,17.057
-29.977,-10.352,17.059
-29.902,-10.309,17.062
-29.826,-10.265,17.064
-29.75,-10.221,17.066
-29.674,-10.176,17.068
-29.599,-10.132,17.07
-29.523,-10.087,17.073
-29.448,-10.042,17.076
-29.373,-9.9974,17.08
-29.298,-9.9521,17.084
-29.223,-9.9067,17.089
-29.149,-9.861,17.095
-29.074,-9.8153,17.102
-29,-9.7694,17.109
-28.926,-9.7234,17.117
-28.852,-9.6773,17.127
-28.778,-9.6313,17.137
-28.704,-9.5852,17.148
-28.63,-9.5391,17.161
-28.557,-9.4931,17.174
-28.484,-9.4471,17.189
-28.411,-9.4011,17.204
-28.338,-9.3553,17.221
-28.265,-9.3094,17.238
-28.193,-9.2637,17.257
-28.121,-9.218,17.277
-28.049,-9.1724,17.298
-27.977,-9.1268,17.32
-27.906,-9.0811,17.343
-27.835,-9.0355,17.367
-27.765,-8.9898,17.392
-27.695,-8.944,17.418
-27.625,-8.898,17.445
-27.556,-8.8519,17.473
-27.487,-8.8055,17.501
-27.419,-8.7589,17.53
-27.351,-8.712,17.56
-27.284,-8.6647,17.591
-27.217,-8.6169,17.622
-27.151,-8.5687,17.653
-27.085,-8.52,17.685
-27.021,-8.4709,17.718
-26.956,-8.4211,17.75
-26.892,-8.3708,17.783
-26.829,-8.3199,17.817
-26.767,-8.2683,17.85
-26.705,-8.2161,17.884
-26.644,-8.1633,17.918
-26.583,-8.1099,17.951
-26.523,-8.0559,17.986
-26.463,-8.0012,18.02
-26.405,-7.9459,18.054
-26.346,-7.89,18.088
-26.289,-7.8335,18.122
-26.232,-7.7765,18.157
-26.175,-7.7189,18.191
-26.119,-7.6608,18.226
-26.064,-7.6022,18.26
-26.009,-7.5431,18.295
-25.955,-7.4836,18.33
-25.902,-7.4237,18.364
-25.848,-7.3634,18.399
-25.796,-7.3026,18.434
-25.744,-7.2416,18.47
-25.692,-7.1801,18.505
-25.641,-7.1184,18.54
-25.59,-7.0564,18.576
-25.54,-6.994,18.611
-25.49,-6.9314,18.647
-25.44,-6.8686,18.683
-25.391,-6.8055,18.72
-25.343,-6.7422,18.756
-25.295,-6.6787,18.792
-25.247,-6.6149,18.829
-25.2,-6.551,18.866
-25.153,-6.4869,18.903
-25.106,-6.4225,18.94
-25.06,-6.358,18.978
-25.015,-6.2934,19.016
-24.97,-6.2285,19.054
-24.925,-6.1635,19.092
-24.88,-6.0983,19.13
-24.837,-6.0329,19.169
-24.793,-5.9674,19.207
-24.75,-5.9017,19.246
-24.707,-5.8358,19.285
-24.665,-5.7697,19.325
-24.624,-5.7035,19.364
-24.582,-5.6371,19.404
-24.542,-5.5705,19.444
-24.501,-5.5037,19.484
-24.462,-5.4368,19.524
-24.423,-5.3696,19.565
-24.384,-5.3023,19.606
-24.346,-5.2348,19.647
-24.308,-5.167,19.688
-24.272,-5.0991,19.729
-24.235,-5.0309,19.771
-24.2,-4.9626,19.812
-24.164,-4.894,19.854
-24.13,-4.8253,19.896
-24.096,-4.7563,19.939
-24.063,-4.687,19.981
-24.031,-4.6176,20.024
-23.999,-4.5479,20.066
-23.968,-4.478,20.109
-23.938,-4.4079,20.152
-23.908,-4.3375,20.195
-23.879,-4.2669,20.239
-23.851,-4.1961,20.282
-23.824,-4.125,20.325
-23.797,-4.0537,20.369
-23.771,-3.9821,20.412
-23.746,-3.9102,20.456
-23.722,-3.8381,20.5
-23.699,-3.7658,20.543
-23.676,-3.6931,20.587
-23.655,-3.6202,20.63
-23.634,-3.547,20.674
-23.614,-3.4736,20.717
-23.594,-3.3998,20.761
-23.576,-3.3257,20.804
-23.559,-3.2513,20.847
-23.542,-3.1765,20.889
-23.526,-3.1015,20.932
-23.511,-3.026,20.974
-23.497,-2.9503,21.016
-23.484,-2.8741,21.057
-23.472,-2.7975,21.098
-23.46,-2.7206,21.139
-23.45,-2.6432,21.179
-23.44,-2.5655,21.218
-23.432,-2.4873,21.257
-23.424,-2.4086,21.294
-23.417,-2.3296,21.332
-23.411,-2.25,21.368
-23.406,-2.17,21.404
-23.402,-2.0895,21.438
-23.399,-2.0085,21.472
-23.397,-1.9272,21.504
-23.396,-1.8454,21.536
-23.396,-1.7631,21.566
-23.397,-1.6805,21.595
-23.399,-1.5975,21.623
-23.401,-1.5141,21.65
-23.405,-1.4304,21.676
-23.409,-1.3464,21.701
-23.415,-1.2622,21.725
-23.421,-1.1777,21.747
-23.428,-1.0931,21.769
-23.436,-1.0083,21.79
-23.445,-0.92344,21.81
-23.455,-0.83851,21.829
-23.465,-0.75355,21.848
-23.476,-0.66857,21.867
-23.488,-0.58363,21.885
-23.501,-0.49873,21.903
-23.514,-0.41392,21.92
-23.528,-0.3292,21.938
-23.543,-0.24462,21.956
-23.559,-0.16019,21.973
-23.576,-0.075916,21.991
-23.593,0.0081267,22.009
-23.611,0.091957,22.027
-23.63,0.17555,22.045
-23.651,0.25883,22.063
-23.672,0.34183,22.082
-23.694,0.42452,22.101
-23.718,0.50679,22.12
-23.742,0.5887,22.139
-23.768,0.67022,22.159
-23.795,0.75124,22.178
-23.823,0.83179,22.198
-23.853,0.91187,22.218
-23.884,0.99139,22.238
-23.916,1.0703,22.258
-23.95,1.1487,22.279
-23.985,1.2265,22.299
-24.021,1.3037,22.319
-24.059,1.3802,22.34
-24.098,1.4561,22.36
-24.138,1.5314,22.381
-24.179,1.606,22.402
-24.221,1.6799,22.422
-24.264,1.7532,22.443
-24.309,1.8258,22.464
-24.354,1.8978,22.485
-24.401,1.9692,22.506
-24.448,2.0399,22.527
-24.496,2.11,22.549
-24.545,2.1795,22.57
-24.595,2.2483,22.592
-24.645,2.3166,22.614
-24.696,2.3843,22.636
-24.748,2.4514,22.659
-24.8,2.5179,22.682
-24.853,2.5838,22.705
-24.906,2.6492,22.729
-24.96,2.714,22.753
-25.015,2.7781,22.778
-25.07,2.8417,22.803
-25.125,2.9047,22.828
-25.181,2.9671,22.855
-25.237,3.0288,22.881
-25.294,3.0899,22.909
-25.35,3.1504,22.937
-25.408,3.2101,22.966
-25.465,3.2692,22.995
-25.523,3.3275,23.026
-25.582,3.3851,23.057
-25.64,3.4419,23.089
-25.699,3.4979,23.122
-25.759,3.5531,23.155
-25.818,3.6074,23.19
-25.878,3.6608,23.225
-25.938,3.7133,23.261
-25.998,3.7649,23.299
-26.059,3.8155,23.337
-26.12,3.8652,23.376
-26.181,3.9138,23.415
-26.242,3.9615,23.456
-26.304,4.0081,23.497
-26.366,4.0537,23.54
-26.428,4.0983,23.582
-26.49,4.1419,23.626
-26.553,4.1845,23.671
-26.615,4.2262,23.716
-26.678,4.2668,23.761
-26.741,4.3065,23.808
-26.804,4.3452,23.854
-26.868,4.3831,23.902
-26.931,4.4201,23.949
-26.995,4.4563,23.998
-27.059,4.4916,24.046
-27.123,4.5262,24.095
-27.187,4.5601,24.144
-27.252,4.5933,24.193
-27.316,4.6258,24.243
-27.381,4.6577,24.293
-27.446,4.6891,24.343
-27.511,4.7198,24.393
-27.576,4.75,24.443
-27.642,4.7797,24.493
-27.708,4.8089,24.543
-27.774,4.8377,24.592
-27.84,4.866,24.642
-27.907,4.8939,24.692
-27.974,4.9213,24.742
-28.041,4.9483,24.792
-28.108,4.9749,24.841
-28.175,5.0011,24.89
-28.243,5.0269,24.94
-28.311,5.0523,24.989
-28.38,5.0772,25.038
-28.448,5.1018,25.086
-28.517,5.1259,25.135
-28.586,5.1495,25.183
-28.656,5.1728,25.232
-28.725,5.1956,25.28
-28.795,5.2179,25.328
-28.865,5.2398,25.376
-28.936,5.2613,25.423
-29.006,5.2822,25.471
-29.077,5.3027,25.518
-29.148,5.3228,25.565
-29.22,5.3424,25.612
-29.291,5.3615,25.659
-29.363,5.3802,25.706
-29.435,5.3984,25.753
-29.507,5.4162,25.799
-29.58,5.4335,25.845
-29.652,5.4505,25.891
-29.725,5.467,25.937
-29.798,5.4831,25.983
-29.872,5.4988,26.028
-29.945,5.5141,26.073
-30.019,5.5291,26.118
-30.094,5.5437,26.162
-30.168,5.5579,26.206
-30.243,5.5718,26.25
-30.318,5.5853,26.293
-30.393,5.5986,26.336
-30.469,5.6115,26.378
-30.545,5.6241,26.42
-30.621,5.6365,26.462
-30.697,5.6485,26.503
-30.774,5.6602,26.543
-30.851,5.6716,26.583
-30.929,5.6828,26.623
-31.007,5.6936,26.662
-31.085,5.7042,26.7
-31.163,5.7144,26.738
-31.242,5.7243,26.776
-31.321,5.7339,26.812
-31.4,5.7431,26.848
-31.48,5.7519,26.884
-31.56,5.7604,26.919
-31.64,5.7685,26.953
-31.721,5.7761,26.987
-31.802,5.7832,27.02
-31.883,5.7899,27.052
-31.964,5.796,27.084
-32.046,5.8016,27.115
-32.128,5.8066,27.146
-32.21,5.811,27.176
-32.293,5.8148,27.206
-32.375,5.8179,27.236
-32.458,5.8203,27.265
-32.54,5.822,27.293
-32.623,5.8229,27.322
-32.706,5.8232,27.35
-32.789,5.8227,27.379
-32.872,5.8215,27.407
-32.955,5.8195,27.435
-33.038,5.8169,27.463
-33.121,5.8135,27.491
-33.204,5.8095,27.52
-33.287,5.8049,27.548
-33.37,5.7997,27.577
-33.452,5.7939,27.606
-33.535,5.7876,27.634
-33.617,5.7809,27.663
-33.7,5.7737,27.692
-33.782,5.7662,27.721
-33.864,5.7584,27.75
-33.947,5.7504,27.779
-34.029,5.7422,27.808
-34.112,5.7338,27.836
-34.195,5.7254,27.864
-34.277,5.717,27.891
-34.36,5.7085,27.918
-34.444,5.7002,27.944
-34.527,5.6919,27.97
-34.611,5.6838,27.995
-34.695,5.6759,28.019
-34.779,5.6681,28.042
-34.863,5.6606,28.065
-34.948,5.6533,28.086
-35.033,5.6463,28.107
-35.118,5.6395,28.127
-35.203,5.633,28.146
-35.289,5.6267,28.164
-35.375,5.6207,28.181
-35.461,5.6148,28.198
-35.547,5.6091,28.214
-35.633,5.6035,28.229
-35.719,5.598,28.244
-35.805,5.5925,28.259
-35.891,5.5871,28.273
-35.978,5.5816,28.288
-36.064,5.5759,28.302
-36.15,5.5702,28.317
-36.236,5.5642,28.332
-36.323,5.5579,28.347
-36.409,5.5514,28.363
-36.494,5.5445,28.379
-36.58,5.5372,28.395
-36.666,5.5295,28.412
-36.752,5.5213,28.429
-36.837,5.5127,28.447
-36.922,5.5035,28.466
-37.007,5.4939,28.484
-37.092,5.4837,28.504
-37.177,5.473,28.523
-37.262,5.4618,28.543
-37.346,5.4501,28.562
-37.431,5.438,28.582
-37.515,5.4254,28.602
-37.6,5.4123,28.621
-37.684,5.3989,28.64
-37.769,5.3851,28.659
-37.853,5.371,28.678
-37.938,5.3565,28.696
-38.022,5.3418,28.714
-38.107,5.3269,28.731
-38.192,5.3118,28.748
-38.276,5.2964,28.764
-38.361,5.2809,28.78
-38.446,5.2651,28.796
-38.531,5.2492,28.812
-38.616,5.2331,28.827
-38.7,5.2166,28.842
-38.785,5.1999,28.857
-38.87,5.1829,28.873
-38.954,5.1654,28.888
-39.039,5.1474,28.903
-39.123,5.1289,28.918
-39.207,5.1097,28.934
-39.291,5.0897,28.949
-39.375,5.069,28.965
-39.458,5.0473,28.98
-39.542,5.0245,28.996
-39.625,5.0007,29.011
-39.707,4.9758,29.026
-39.79,4.9495,29.04
-39.872,4.9221,29.054
-39.954,4.8934,29.068
-40.035,4.8633,29.08
-40.116,4.832,29.092
-40.197,4.7991,29.103
-40.276,4.7653,29.113
-40.356,4.7299,29.123
-40.436,4.6935,29.131
-40.514,4.6559,29.139
-40.593,4.6172,29.145
-40.671,4.5775,29.151
-40.748,4.5366,29.157
-40.825,4.4952,29.162
-40.902,4.4525,29.167
-40.978,4.4095,29.171
-41.054,4.3653,29.175
-41.129,4.321,29.179
-41.204,4.2756,29.183
-41.279,4.2302,29.187
-41.353,4.1838,29.192
-41.427,4.1375,29.197
-41.501,4.0904,29.203
-41.575,4.0433,29.209
-41.648,3.9957,29.215
-41.721,3.9479,29.223
-41.794,3.9001,29.231
-41.867,3.8517,29.24
-41.939,3.8036,29.249
-42.012,3.7549,29.26
-42.084,3.7066,29.271
-42.156,3.6579,29.283
-42.227,3.6091,29.296
-42.299,3.5604,29.309
-42.371,3.511,29.324
-42.441,3.4624,29.338
-42.512,3.4131,29.354
-42.583,3.3637,29.37
-42.653,3.3145,29.387
-42.724,3.2644,29.404
-42.793,3.215,29.421
-42.863,3.1651,29.439
-42.933,3.1143,29.457
-43.002,3.0645,29.475
-43.071,3.0138,29.493
-43.141,2.9625,29.512
-43.209,2.9119,29.53
-43.278,2.8603,29.548
-43.347,2.8083,29.566
-43.414,2.7569,29.583
-43.483,2.7045,29.601
-43.552,2.6515,29.617
-43.619,2.5993,29.633
-43.687,2.5462,29.648
-43.756,2.4921,29.662
-43.823,2.4391,29.675
-43.891,2.3851,29.686
-43.96,2.3301,29.696
-44.027,2.2755,29.705
-44.094,2.2208,29.711
-44.162,2.1648,29.716
-44.231,2.1076,29.718
-44.296,2.0522,29.719
-44.362,1.9952,29.716
-44.428,1.9365,29.712
-44.494,1.8775,29.704
-44.556,1.82,29.695
-44.618,1.7605,29.683
-44.681,1.6989,29.667
-44.742,1.6365,29.649
-44.799,1.577,29.63
-44.855,1.5153,29.608
-44.912,1.4513,29.583
-44.967,1.3848,29.556
-45.018,1.3215,29.527
-45.066,1.2583,29.498
-45.114,1.1931,29.466
-45.161,1.1256,29.431
-45.206,1.0558,29.394
-45.247,0.98844,29.356
-45.285,0.92278,29.319
-45.322,0.85534,29.279
-45.357,0.78616,29.237
-45.391,0.71528,29.193
-45.422,0.6428,29.147
-45.449,0.57443,29.102
-45.474,0.5065,29.057
-45.496,0.43758,29.009
-45.517,0.36783,28.959
-45.535,0.29743,28.908
-45.55,0.22658,28.854
-45.562,0.15753,28.799
-45.571,0.091948,28.745
-45.578,0.026681,28.689
-45.582,-0.037988,28.63
-45.583,-0.10175,28.569
-45.581,-0.16426,28.505
-45.577,-0.22515,28.439
-45.57,-0.28132,28.372
-45.56,-0.33195,28.307
-45.549,-0.38033,28.239
-45.535,-0.42616,28.168
-45.518,-0.46912,28.094
-45.499,-0.50891,28.016
-45.478,-0.54526,27.934
-45.454,-0.57792,27.847
-45.432,-0.60175,27.773
-45.412,-0.62071,27.705
-45.39,-0.63753,27.633
-45.366,-0.65222,27.559
-45.341,-0.66479,27.482
-45.314,-0.6753,27.402
-45.285,-0.6838,27.318
-45.253,-0.69037,27.23
-45.218,-0.69507,27.139
-45.18,-0.69795,27.043
-45.137,-0.69898,26.942
-45.118,-0.69883,26.898
-45.099,-0.69833,26.854
-45.078,-0.69745,26.808
-45.057,-0.69616,26.762
-45.034,-0.69441,26.715
-45.011,-0.69217,26.666
-44.986,-0.68937,26.615
-44.959,-0.68593,26.564
-44.932,-0.68176,26.51
-44.903,-0.67675,26.455
-44.872,-0.67078,26.397
-44.839,-0.66371,26.337
-44.805,-0.65535,26.275
-44.769,-0.64552,26.21
-44.73,-0.634,26.141
-44.689,-0.62052,26.069
-44.645,-0.60481,25.993
-44.599,-0.58656,25.912
-44.549,-0.56541,25.825
-44.495,-0.541,25.732
-44.438,-0.51292,25.632
-44.375,-0.48073,25.523
-44.307,-0.44401,25.405
-44.233,-0.40228,25.275
-44.151,-0.3551,25.131
-44.061,-0.30206,24.972
